member_casual,avg_ride_length,median_ride_length,max_ride_length,total_rides
casual,18.927456043467526,11.241466665267945,1499.9677333315215,2095417
member,12.079806728202431,8.588200000921885,1499.965983335177,3747361
